,id,rent,street_number,lat,lng,duration,duration_seconds,distance_meters
0,108761792,1745,Berneggstrasse 28,47.4208984375,9.37622547149658,0:04:20.500000,260.5,2022.6
1,2147994348,1720,Heiligkreuzstrasse 53,47.4404067993164,9.3939847946167,0:04:05.900000,245.9,2379.7
2,3000166218,1150,Lindenstrasse 76,47.4330558776855,9.39382934570312,0:04:09.600000,249.6,1870.4
3,3000251780,1390,Feldlistrasse 11,47.4216995239258,9.35613536834717,0:04:03.500000,243.5,2260.3
4,3000402506,2130,Goliathgasse 37,47.4279747009277,9.37712287902832,0:02:56.700000,176.7,1433.4
5,3000538335,1330,Oberstrasse 87,47.4164085388184,9.36261463165283,0:04:23.400000,263.4,2483.0
6,3000688515,1200,Langgasse 155,47.449348449707,9.39771270751953,0:05:02.300000,302.3,3086.1
7,3000780700,1120,Oberstrasse 123,47.4147109985352,9.35912609100342,0:04:53.300000,293.3,2812.8
8,3000830705,1540,Sonnrainweg 6,47.4482727050781,9.39763641357422,0:05:03.100000,303.1,3040.9
9,3000836173,1090,Langgasse 89,47.4400329589844,9.39156341552734,0:03:33.400000,213.4,1702.3
10,3000861228,1540,Sonnrainweg 12,47.4477005004883,9.39766311645508,0:05:12.300000,312.3,3105.0
11,3000872761,1180,Linsebühlstrasse 16,47.4243240356445,9.38075637817383,0:03:17.200000,197.2,1792.9
12,3000873636,1640,Ludwigstr. 21,47.4412498474121,9.37837314605713,0:03:18.600000,198.6,1647.7
13,3000873652,900,Tschudistr. 36,47.4163856506348,9.36409378051758,0:05:09.900000,309.9,2730.3
14,3000873750,1150,St. Georgen-Str. 39,47.4195594787598,9.37901306152344,0:05:21.200000,321.2,2555.3
15,3000888275,1240,Langgasse 70,47.4388046264648,9.39048862457275,0:03:19.300000,199.3,1545.0
16,3000922116,1454,Dianastrasse 10,47.4327964782715,9.38241004943848,0:02:00.300000,120.3,746.8
17,3000924363,790,Brauerstrasse 5,47.4337387084961,9.39980602264404,0:05:06.100000,306.1,2350.0
18,3000929497,1250,Eisengasse 3,47.4253387451172,9.38271808624268,0:03:42.200000,222.2,1979.3
19,3000939647,1550,Ludwigstr. 17,47.4409484863281,9.37808418273926,0:03:12.700000,192.7,1607.8
20,3000943788,1370,Buchentalstrasse 5,47.4334945678711,9.39832019805908,0:04:31.700000,271.7,2152.3
21,3000946773,1540,Langgasse 92,47.4403915405273,9.39240264892578,0:03:39.800000,219.8,1773.1
22,3000946809,1400,Feldbachstrasse 10,47.4207611083984,9.3547191619873,0:04:31.900000,271.9,2432.2
23,3000955021,2120,Sonnenhaldenstrasse 64,47.4397735595703,9.38191032409668,0:02:05.200000,125.2,1165.7
24,3000969216,910,Helvetiastrasse 41,47.4332618713379,9.3950719833374,0:04:32,272.0,2114.8
28,3000975218,1400,Schwalbenstrasse 10,47.427001953125,9.38384819030762,0:03:57.700000,237.7,2015.0
29,3000976414,1150,St. Georgen-Str. 39,47.4195594787598,9.37901306152344,0:05:21.200000,321.2,2555.3
30,3000981079,1690,Altmannstrasse 18,47.4130172729492,9.36433792114258,0:05:29.100000,329.1,3222.6
31,3000999080,1500,Bernhardswiesstrasse 9,47.4086647033691,9.34245109558105,0:07:14.900000,434.9,4314.7
32,3000999081,1070,Bernhardswiesstrasse 11,47.4083480834961,9.34207916259766,0:07:17.200000,437.2,4337.3
34,3001014618,1860,Isenringweg 3,47.420238494873,9.35236835479736,0:04:50.500000,290.5,2656.6
35,3001016630,1290,Langgasse 165,47.4505348205566,9.39797592163086,0:05:13.900000,313.9,3216.1
36,3001027277,1790,Stahlstr. 5,47.4210357666016,9.35638999938965,0:04:47.700000,287.7,2559.7
38,3001030845,1610,Burgstrasse 64,47.4174880981445,9.35832500457764,0:04:16.700000,256.7,2352.0
39,3001030847,1380,Burgstrasse 64,47.4174880981445,9.35832500457764,0:04:16.700000,256.7,2352.0
40,3001030848,1900,Burgstrasse 64,47.4174880981445,9.35832500457764,0:04:16.700000,256.7,2352.0
41,3001031567,1390,Zilstrasse 4a,47.4408798217773,9.4041633605957,0:05:58.400000,358.4,3067.4
42,3001042243,1350,Bleichestrasse 11,47.4216804504395,9.37221050262451,0:03:29.400000,209.4,1849.9
43,3001042251,1490,Achslenstr. 5,47.4326629638672,9.41385936737061,0:06:57.700000,417.7,3441.8
44,3001042300,1290,Zilstrasse 14,47.4414825439453,9.40545177459717,0:06:49.100000,409.1,3333.9
45,3001052159,2000,Kirchlistrasse 1,47.4400367736816,9.37997150421143,0:02:32.200000,152.2,1326.3
46,3001052160,1100,Kirchlistrasse 1,47.4400367736816,9.37997150421143,0:02:32.200000,152.2,1326.3
47,3001077557,990,Grossackerstr. 10,47.4292640686035,9.39270114898682,0:04:48.500000,288.5,2199.3
48,3001077667,760,Sonnrainweg 6,47.4482727050781,9.39763641357422,0:05:03.100000,303.1,3040.9
49,3001077672,1270,Langgasse 163,47.4503021240234,9.39786911010742,0:05:11.600000,311.6,3190.5
50,3001082656,1070,Langgasse 63,47.4384689331055,9.3895092010498,0:03:38.400000,218.4,1668.4
51,3001091170,1620,Tablatstr. 12,47.4376907348633,9.42048072814941,0:06:33.600000,393.6,4519.3
52,3001093133,1590,Spisergasse 27,47.4246826171875,9.37836074829102,0:06:14.300000,374.3,2480.0
53,3001095313,1350,Vogelherdstrasse 19,47.4366264343262,9.42048454284668,0:08:13.300000,493.3,5263.0
54,3001096690,1620,Demutstrasse 7,47.4175682067871,9.38098335266113,0:05:52.200000,352.2,2878.6
55,3001096691,1590,Demutstrasse 7,47.4175682067871,9.38098335266113,0:05:52.200000,352.2,2878.6
56,3001100107,1150,Glaserstrasse 3A,47.4188766479492,9.35424995422363,0:04:23.900000,263.9,2476.7
57,3001102989,1180,Büchelstrasse 4,47.4205780029297,9.36482524871826,0:03:35.100000,215.1,1812.0
60,3001111355,1450,Zilweg 7,47.442310333252,9.40835094451904,0:07:04.900000,424.9,3509.9
61,3001117101,1390,Feldbachstrasse 10,47.4207611083984,9.3547191619873,0:04:31.900000,271.9,2432.2
62,3001118234,1140,Langgasse 11,47.4346084594727,9.38476085662842,0:02:28.600000,148.6,965.1
63,3001120687,1300,Speicherstr. 27,47.4247703552246,9.38499069213867,0:03:47,227.0,2122.4
64,3001124068,1650,Fürstenlandstrasse 179,47.4093055725098,9.33209800720215,0:07:35.700000,455.7,4542.6
65,3001133982,1690,Zilweg 10,47.4417991638184,9.40919876098633,0:07:13.900000,433.9,3571.9
66,3001134003,1293,Iddastr. 19,47.436710357666,9.38644790649414,0:02:56.700000,176.7,1138.1
67,3001134382,2200,Heimstr. 8a,47.4148788452148,9.33783340454102,0:06:41.900000,401.9,3911.5
68,3001142255,1950,Katharinengasse 8,47.4267997741699,9.3772439956665,0:02:52.700000,172.7,1429.7
69,3001142256,1900,Katharinengasse 8,47.4267997741699,9.3772439956665,0:02:52.700000,172.7,1429.7
70,3001145344,1500,Röschstrasse 11,47.4319686889648,9.40022945404053,0:05:46.700000,346.7,2562.3
71,3001145410,1390,Oberstrasse 205,47.4121780395508,9.35199928283691,0:06:31.900000,391.9,3629.2
72,3001145546,1870,Stahlstrasse 9,47.4213943481445,9.35567760467529,0:04:37.500000,277.5,2492.2
73,3001145712,1300,Oststr. 7,47.4309387207031,9.39225673675537,0:04:46.600000,286.6,2038.3
74,3001145713,1200,Oststr. 7,47.4309387207031,9.39225673675537,0:04:46.600000,286.6,2038.3
75,3001145758,1100,Langgasse 59c,47.4384803771973,9.38886642456055,0:03:37.300000,217.3,1409.7
76,3001146643,900,Paradiesstrasse 29,47.4177627563477,9.36205863952637,0:04:22,262.0,2316.9
77,3001154674,1350,Langgasse 155,47.449348449707,9.39771270751953,0:05:02.300000,302.3,3086.1
78,3001158513,1290,Grütlistrasse 6,47.4346389770508,9.40295505523682,0:05:41.100000,341.1,2652.6
79,3001167228,1307,Langgasse 155,47.449348449707,9.39771270751953,0:05:02.300000,302.3,3086.1
80,3001172304,1050,Lukasstrasse 3,47.4398574829102,9.39527797698975,0:04:23.800000,263.8,2573.5
81,3001174557,1060,Felsenstrasse 78,47.4196395874023,9.37182903289795,0:04:57.700000,297.7,2802.4
83,3001175366,1370,Sonnenhaldenstrasse 19,47.4405136108398,9.3912525177002,0:03:18.600000,198.6,1888.4
84,3001175690,1484,Aeplistrasse 5,47.4345512390137,9.38718509674072,0:02:47.800000,167.8,1150.5
85,3001177098,1355,Burenbüchelstr. 9,47.4359474182129,9.41016292572021,0:06:17.600000,377.6,3241.4
86,3001177658,1750,Ullmannstrasse 27,47.4132843017578,9.33195877075195,0:08:03.200000,483.2,4618.7
87,3001183466,760,Unterstr. 53,47.418342590332,9.3661994934082,0:03:48,228.0,2074.5
88,3001184167,890,St. Georgen-Strasse 118,47.4153137207031,9.38610649108887,0:06:38.300000,398.3,3410.7
89,3001187072,1290,Ilgenstrasse 50,47.4165382385254,9.35750961303711,0:04:46.400000,286.4,2528.0
90,3001187814,1480,Redingstrasse 4,47.4271087646484,9.37194442749023,0:02:33.900000,153.9,1030.8
91,3001189594,1360,Hagenbuchstrasse 10,47.4311408996582,9.3983097076416,0:05:57.600000,357.6,2864.4
92,3001190574,1100,Hungerbühlerstrasse 1a,47.4104766845703,9.33370113372803,0:07:20,440.0,4359.5
93,3001192364,775,Falkensteinstrasse 5,47.4299926757812,9.39174365997314,0:04:46.100000,286.1,2164.2
94,3001192542,740,Brunnenbergstrasse 10,47.4239501953125,9.38275909423828,0:03:52.800000,232.8,2043.5
95,3001193043,1750,Schmiedgasse 19,47.4238662719727,9.37584400177002,0:05:43.500000,343.5,2353.8
96,3001198085,2850,Hinterlauben 10,47.424747467041,9.37550258636475,0:05:41,341.0,2347.0
97,3001198152,2390,Heiligkreuzstrasse 53,47.4404067993164,9.3939847946167,0:04:05.900000,245.9,2379.7
98,3001198951,1600,Vonwilstrasse 51,47.4194450378418,9.35537147521973,0:04:28.400000,268.4,2428.3
99,3001201708,2370,Stauffacherstrasse 5,47.4235572814941,9.36404323577881,0:02:59.900000,179.9,1515.9
100,3001206690,1290,Treuackerstrasse 25,47.4154357910156,9.36357879638672,0:05:07.800000,307.8,2917.2
101,3001207296,2410,Burgstrasse 51,47.4180908203125,9.35981178283691,0:04:00.800000,240.8,2219.8
102,3001207526,1350,Burgstrasse 85,47.4163856506348,9.35553169250488,0:04:39,279.0,2599.8
103,3001209766,1850,Oberer Graben 37,47.4225959777832,9.37484836578369,0:04:07.100000,247.1,1850.6
104,3001214688,1530,Waldaustr. 8,47.4199867248535,9.35248279571533,0:04:48.500000,288.5,2629.3
105,3001219305,995,Burgstrasse 21,47.4193382263184,9.36314487457275,0:03:46.100000,226.1,2011.6
109,3001222337,1355,Oberstrasse 201,47.4123687744141,9.35126495361328,0:05:54.300000,354.3,3483.7
110,3001222348,1375,Oberstrasse 205,47.4121780395508,9.35199928283691,0:06:31.900000,391.9,3629.2
111,3001222804,1520,Wiesentalstr. 26,47.433349609375,9.3979549407959,0:04:41.800000,281.8,2183.9
112,3001223803,1410,Grenzstrasse 2,47.4178924560547,9.35950660705566,0:04:06,246.0,2253.3
113,3001224338,1010,Hardungstrasse 63a,47.4254302978516,9.40409088134766,0:06:08.400000,368.4,3697.1
114,3001225087,1400,Turnerstrasse 32,47.4180221557617,9.35484027862549,0:04:38.200000,278.2,2661.1
115,3001226202,1590,Goliathgasse 37,47.4279747009277,9.37712287902832,0:02:56.700000,176.7,1433.4
116,3001233790,950,Rorschacher Strasse 183,47.4329643249512,9.39859294891357,0:04:51.400000,291.4,2453.4
117,3001234723,1310,Oberstrasse 255,47.408634185791,9.34397888183594,0:07:17.500000,437.5,4188.5
118,3001235438,1690,Tannenstrasse 32,47.4357986450195,9.3785228729248,0:01:23.300000,83.3,659.9
119,3001236200,1290,Geltenwilenstrasse 23,47.418327331543,9.3671875,0:03:41.500000,221.5,2092.7
120,3001237750,1500,Gottfried-Keller-Strasse 12,47.4202613830566,9.37479496002197,0:04:37.900000,277.9,2154.1
121,3001237758,1390,Tschudistr. 15,47.4173316955566,9.36606597900391,0:06:17,377.0,3241.4
122,3001237759,1170,Krontalstr. 13,47.4327812194824,9.39970684051514,0:05:27.700000,327.7,2446.3
123,3001240014,1260,Kreuzbleichestrasse 8,47.4201164245605,9.35637950897217,0:04:26.100000,266.1,2438.0
124,3001246535,1820,Langgasse 11,47.4346084594727,9.38476085662842,0:02:28.600000,148.6,965.1
125,3001246726,1170,Achslenweg 8,47.4349250793457,9.40976142883301,0:06:22.300000,382.3,3271.5
126,3001252594,1160,Haggenstr. 56,47.4062271118164,9.33734130859375,0:07:59.200000,479.2,4838.6
127,3001252596,1430,Haggenstr. 58,47.4060325622559,9.33769130706787,0:08:02.600000,482.6,4876.6
128,3001253414,3360,Multergasse 6,47.4246520996094,9.37599945068359,0:05:36.600000,336.6,2352.7
129,3001259959,1580,Brauerstrasse 81,47.442699432373,9.41032409667969,0:07:12.600000,432.6,4545.8
130,3001260432,1190,Rickenstrasse 4,47.407772064209,9.33381938934326,0:08:24.200000,504.2,4850.2
131,3001260433,870,Buchentalstrasse 5,47.4334945678711,9.39832019805908,0:04:31.700000,271.7,2152.3
132,3001261017,1080,Kolumbanstrasse 36,47.4381294250488,9.39186096191406,0:03:54.400000,234.4,1714.7
133,3001262175,900,Burgstrasse 66,47.4173927307129,9.35795593261719,0:04:19.500000,259.5,2382.1
134,3001262720,1650,Wildeggstrasse 25,47.4238510131836,9.38372230529785,0:04:42.800000,282.8,2508.3
135,3001264914,1000,Domänenstrasse 2,47.4405937194824,9.39426136016846,0:04:09.400000,249.4,2374.0
136,3001270299,1200,Falkensteinstrasse 10,47.4299011230469,9.39220905303955,0:04:41.900000,281.9,2134.7
139,3001274608,1530,Zweibruggenmühlestrasse 7,47.4072647094727,9.32735157012939,0:08:21.200000,501.2,5087.9
140,3001277024,1210,Unterer Graben 39,47.4283866882324,9.37582015991211,0:02:11.200000,131.2,1135.5
141,3001279168,1370,Haggenstr. 86,47.4040832519531,9.33809375762939,0:09:05.200000,545.2,5315.7
142,3001279201,1520,Sonnenhaldenstrasse 10a,47.4417457580566,9.39127922058105,0:03:29.500000,209.5,2013.2
143,3001279203,1000,Sonnenhaldenstrasse 8,47.4416007995605,9.39217567443848,0:03:23.100000,203.1,1986.2
144,3001279734,1040,Kräzernstrasse 10,47.4073371887207,9.32496070861816,0:08:17.800000,497.8,5106.9
145,3001279823,1490,Solitüdenstrasse 1,47.4126167297363,9.36404991149902,0:05:26.300000,326.3,3196.7
146,3001279899,1350,Sömmerlistrasse,47.4184989929199,9.35178279876709,0:04:42.300000,282.3,2659.1
147,3001281270,800,Kolumbanstrasse 47,47.4394798278809,9.39236450195312,0:04:00.700000,240.7,1802.9
148,3001281696,1050,Oberstrasse 81,47.4164695739746,9.36275386810303,0:04:22.300000,262.3,2470.6
149,3001281709,890,Berneggstr. 54,47.4187965393066,9.37232875823975,0:05:14.500000,314.5,2403.4
150,3001284556,860,Taubenstr. 4,47.4360466003418,9.38796520233154,0:02:55.700000,175.7,1189.4
151,3001285527,1170,Langgasse 139,47.4445838928223,9.39579772949219,0:04:07.800000,247.8,2483.2
152,3001285652,700,Oberstrasse 123,47.4147109985352,9.35912609100342,0:04:53.300000,293.3,2812.8
153,3001285654,995,Falkensteinstrasse 5,47.4299926757812,9.39174365997314,0:04:46.100000,286.1,2164.2
154,3001286025,1120,Flurhofstr. 153,47.4323043823242,9.40336227416992,0:06:30.900000,390.9,2906.9
155,3001286515,890,Tannenstrasse 36,47.435977935791,9.37874412536621,0:01:27,87.0,684.3
156,3001289983,1400,Fidesstrasse 12,47.4321784973145,9.39260673522949,0:04:06.700000,246.7,1812.2
157,3001295318,1055,Langgasse 44,47.436882019043,9.38813591003418,0:02:53.800000,173.8,1263.9
158,3001295565,1500,Oberstrasse 293 C,47.4038543701172,9.34081935882568,0:08:53.400000,533.4,4829.2
159,3001296047,2100,Waisenhausstrasse 5,47.4242172241211,9.37339401245117,0:02:47.600000,167.6,1422.9
160,3001296351,1390,Spisergasse 29,47.4246368408203,9.37842750549316,0:06:15.700000,375.7,2486.3
161,3001297995,1100,Kirchlistrasse 1,47.4400367736816,9.37997150421143,0:02:32.200000,152.2,1326.3
163,3001298694,1090,Langgasse 153,47.449104309082,9.39769840240479,0:04:59.900000,299.9,3060.0
164,3001298695,1290,Langgasse 163,47.4503021240234,9.39786911010742,0:05:11.600000,311.6,3190.5
165,3001300461,1150,Brühlgasse 30,47.425220489502,9.37834548950195,0:02:55.500000,175.5,1574.2
166,3001300521,1600,Teufener Strasse 123,47.4134178161621,9.36389064788818,0:05:09.900000,309.9,3092.9
167,3001302822,1470,Reherstr. 19,47.4371223449707,9.41578769683838,0:07:14.300000,434.3,4723.0
168,3001302972,1090,Rickenstrasse 4,47.407772064209,9.33381938934326,0:08:24.200000,504.2,4850.2
169,3001302995,1450,Tigerbergstrasse 2,47.4277496337891,9.37399578094482,0:02:06,126.0,1033.2
170,3001302996,1410,Grenzstrasse 2,47.4178924560547,9.35950660705566,0:04:06,246.0,2253.3
171,3001303220,1190,Rickenstrasse 4,47.407772064209,9.33381938934326,0:08:24.200000,504.2,4850.2
172,3001303637,1035,Domänenstrasse 2,47.4405937194824,9.39426136016846,0:04:09.400000,249.4,2374.0
173,3001305224,1230,Hafnerstrasse 8,47.4238777160645,9.38092994689941,0:03:39.100000,219.1,1920.8
174,3001306042,1200,Ruhbergstrasse 63,47.4155731201172,9.36490821838379,0:05:36.200000,336.2,2921.6
175,3001309010,1390,Lindenstr. 33,47.4322128295898,9.38853549957275,0:04:13.300000,253.3,1861.2
176,3001309858,1000,Brühlbleichestrasse 10,47.4305038452148,9.38340282440186,0:03:22.200000,202.2,1237.4
177,3001310297,1390,Langgasse 91,47.4401397705078,9.39169311523438,0:03:34.800000,214.8,1717.8
178,3001310505,761,Sonnrainweg 12,47.4477005004883,9.39766311645508,0:05:12.300000,312.3,3105.0
179,3001310526,1780,Landhausstrasse 9,47.4129066467285,9.35278511047363,0:05:52.800000,352.8,3361.7
180,3001311443,925,Gübsenstrasse 90,47.4002265930176,9.30102443695068,0:11:02.100000,662.1,8820.0
181,3001311883,840,Rorschacher Strasse 183,47.4329643249512,9.39859294891357,0:04:51.400000,291.4,2453.4
182,3001312809,1290,Zilstrasse 56,47.4436836242676,9.40863132476807,0:07:03.100000,423.1,4576.8
183,3001312835,1480,Kamorstrasse 14,47.4190788269043,9.35215282440186,0:04:52.100000,292.1,2654.1
184,3001312841,1980,Obere Felsenstrasse 2,47.4189987182617,9.37156295776367,0:04:58.300000,298.3,2822.7
185,3001314391,1330,Scheibenackerstrasse 14,47.4295616149902,9.39133739471436,0:04:56.600000,296.6,2213.5
187,3001315241,1380,Ullmannstrasse 23,47.4135284423828,9.33248519897461,0:07:55.100000,475.1,4564.3
188,3001315318,990,Burgstrasse 19,47.4193916320801,9.36352825164795,0:03:50.700000,230.7,2041.9
189,3001316083,2150,Heimstr. 12,47.4145622253418,9.33732604980469,0:06:42.100000,402.1,3912.2
190,3001317298,1420,Rehburgstrasse 1,47.4315147399902,9.39706230163574,0:05:14.300000,314.3,2400.7
191,3001317671,1590,Goliathgasse 37,47.4279747009277,9.37712287902832,0:02:56.700000,176.7,1433.4
192,3001317841,1270,Iddastrasse 30a,47.4375686645508,9.38802242279053,0:03:18.700000,198.7,1285.2
193,3001318294,1290,Linsebühlstrasse 12,47.4242973327637,9.3804931640625,0:03:15.400000,195.4,1772.9
194,3001318375,1490,Brühlbleichestrasse 10,47.4305038452148,9.38340282440186,0:03:22.200000,202.2,1237.4
195,3001319171,1200,Wildeggstrasse 16,47.4232139587402,9.38241863250732,0:04:51.400000,291.4,2282.6
196,3001319741,1350,Wildeggstr. 7,47.4232711791992,9.38164901733398,0:04:44.200000,284.2,2232.4
197,3001319742,1490,Waldaustrasse 2,47.4203186035156,9.35294151306152,0:04:43.100000,283.1,2576.4
198,3001320785,1290,Speicherstr. 29,47.4248085021973,9.38529205322266,0:03:49.100000,229.1,2145.4
199,3001321210,1290,Langgasse 36,47.4360466003418,9.38742446899414,0:02:51.300000,171.3,1160.2
200,3001321244,1635,Oberzilstrasse 6,47.4412536621094,9.40854740142822,0:06:29.300000,389.3,3269.9
201,3001321685,1170,Buchwaldstrasse 2,47.4361724853516,9.39269924163818,0:03:52.500000,232.5,1729.7
202,3001327124,1600,Oststrasse 20,47.4316635131836,9.39398384094238,0:04:32.900000,272.9,1965.8
203,3001327633,1150,Linsebühlstrasse 35,47.4245948791504,9.38196849822998,0:03:25.800000,205.8,1887.5
204,3001328642,1200,Badstrasse 8,47.4190864562988,9.35286998748779,0:04:41.600000,281.6,2583.5
205,3001328643,1260,Badstrasse 8,47.4190864562988,9.35286998748779,0:04:41.600000,281.6,2583.5
206,3001328644,1160,Badstrasse 8,47.4190864562988,9.35286998748779,0:04:41.600000,281.6,2583.5
207,3001328645,1160,Badstrasse 8,47.4190864562988,9.35286998748779,0:04:41.600000,281.6,2583.5
208,3001328965,1095,Rickenstrasse 20,47.4074401855469,9.33251190185547,0:08:39.200000,519.2,4954.0
209,3001328999,1350,Schönbüelpark 12,47.4396553039551,9.41220855712891,0:06:55.600000,415.6,3487.6
210,3001329780,1120,Stationsweg 8,47.4075012207031,9.32912540435791,0:08:23.900000,503.9,4885.2
211,3001329858,890,Berneggstrasse 52,47.419017791748,9.37270641326904,0:05:09.200000,309.2,2366.4
212,3001330645,1000,Buchwaldstrasse 2,47.4361724853516,9.39269924163818,0:03:52.500000,232.5,1729.7
213,3001330772,1200,Buchwaldstrasse 2,47.4361724853516,9.39269924163818,0:03:52.500000,232.5,1729.7
215,3001331497,1730,Zwinglistrasse 19,47.4256134033203,9.37030601501465,0:02:01.600000,121.6,1025.3
216,3001331624,1560,Langgasse 29,47.4360008239746,9.38662338256836,0:02:40.600000,160.6,1115.5
217,3001332172,590,Sonnenhaldenstrasse 10a,47.4417457580566,9.39127922058105,0:03:29.500000,209.5,2013.2
218,3001334112,1345,Zilweg 13,47.4425430297852,9.40908527374268,0:07:20.800000,440.8,3603.5
219,3001334114,1575,Zilweg 15,47.4427108764648,9.40900611877441,0:07:20.800000,440.8,3603.5
220,3001335398,900,Wildeggstrasse 20,47.4234085083008,9.3829870223999,0:04:52.900000,292.9,2578.8
221,3001335407,1450,Paradiesstrasse 2a,47.419059753418,9.36344051361084,0:04:08.600000,248.6,2016.3
222,3001335808,1190,Rorschacher Strasse 229,47.435791015625,9.40303707122803,0:05:32.200000,332.2,2662.4
223,3001336192,1780,Langweidstrasse 2,47.4125061035156,9.35506057739258,0:06:12.700000,372.7,3518.8
224,3001336193,1250,Langweidstrasse 4,47.4123268127441,9.35518360137939,0:06:14.200000,374.2,3528.5
225,3001336198,660,Langweidstrasse 2,47.4125061035156,9.35506057739258,0:06:12.700000,372.7,3518.8
226,3001336200,1980,Langweidstrasse 4,47.4123268127441,9.35518360137939,0:06:14.200000,374.2,3528.5
227,3001336203,2190,Langweidstrasse 8,47.4123954772949,9.35590171813965,0:06:22.500000,382.5,3584.2
228,3001336208,1300,Langweidstrasse 8,47.4123954772949,9.35590171813965,0:06:22.500000,382.5,3584.2
229,3001336213,2340,Langweidstrasse 8,47.4123954772949,9.35590171813965,0:06:22.500000,382.5,3584.2
230,3001336410,1510,Zilweg 11,47.442626953125,9.40856456756592,0:07:20.800000,440.8,3603.5
231,3001337174,1300,Rickenstrasse 4,47.407772064209,9.33381938934326,0:08:24.200000,504.2,4850.2
232,3001337225,1440,Bernhardswiesstrasse 34,47.4072074890137,9.33975696563721,0:07:58.300000,478.3,4667.1
233,3001339504,1420,Hechtackerstrasse 12g,47.4076156616211,9.34005165100098,0:07:40.300000,460.3,4497.6
234,3001340922,1020,Walserstrasse 4,47.407413482666,9.33434104919434,0:08:11,491.0,4766.8
235,3001342548,1250,Hüttenwiesstrasse 9,47.4386978149414,9.40172481536865,0:05:02.200000,302.2,2543.1
236,3001345530,1250,Brühlgasse 50,47.4246788024902,9.37870025634766,0:06:37.600000,397.6,2583.6
241,3001345902,1105,Schwalbenstrasse 10,47.427001953125,9.38384819030762,0:03:57.700000,237.7,2015.0
242,3001346082,1310,Langgasse 153,47.449104309082,9.39769840240479,0:04:59.900000,299.9,3060.0
243,3001346308,2790,Bubenbergstr. 4,47.4184036254883,9.37905502319336,0:05:54.900000,354.9,2662.3
244,3001346929,1340,Bernhardswiesstrasse 33,47.4071235656738,9.34114456176758,0:07:57.200000,477.2,4465.3
245,3001347558,1290,Brauerstrasse 1,47.4335517883301,9.39944362640381,0:05:02.700000,302.7,2282.5
246,3001347559,1300,Brauerstrasse 1,47.4335517883301,9.39944362640381,0:05:02.700000,302.7,2282.5
247,3001347688,850,Teufener Strasse 10,47.4206771850586,9.37107753753662,0:04:08.400000,248.4,2106.0
248,3001347881,1020,Farbgutstrasse 10,47.4352493286133,9.38732147216797,0:03:02.400000,182.4,1182.6
249,3001348433,1660,Sonnrainweg 8,47.4480819702148,9.39764785766602,0:05:06.200000,306.2,3062.6
250,3001349993,1020,Farbgutstrasse 10,47.4352493286133,9.38732147216797,0:03:02.400000,182.4,1182.6
251,3001350433,1300,Speicherstr. 29,47.4248085021973,9.38529205322266,0:03:49.100000,229.1,2145.4
252,3001350437,1300,Wiesentalstr. 14,47.4329490661621,9.39658451080322,0:04:58.100000,298.1,2293.8
253,3001350438,1240,Iddastrasse 22,47.4367256164551,9.38694858551025,0:03:00.200000,180.2,1161.4
254,3001350623,780,Volksbadstrasse 8,47.428596496582,9.38481998443604,0:04:14.600000,254.6,2270.1
255,3001350678,1695,Langgasse 9,47.434497833252,9.38464164733887,0:02:29.700000,149.7,978.8
256,3001350682,1790,Grenzstrasse 1,47.4178848266602,9.35994911193848,0:04:09.100000,249.1,2274.2
257,3001352407,1515,Langgasse 13,47.4346694946289,9.38483333587646,0:02:27.800000,147.8,956.5
258,3001354881,1801,Tablatstrasse 10,47.4377517700195,9.4197244644165,0:06:28.600000,388.6,4462.4
259,3001354883,1685,Tablatstrasse 10c,47.4372634887695,9.41964054107666,0:06:49.600000,409.6,4699.0
260,3001354885,1738,Tablatstrasse 10a,47.4375915527344,9.41968631744385,0:06:33.600000,393.6,4451.6
261,3001356526,1400,Zilstrasse 6,47.4408302307129,9.40460872650146,0:06:19.800000,379.8,3150.7
263,3001361663,1220,Ahornstrasse 23a,47.4143943786621,9.34685325622559,0:05:41.600000,341.6,3297.4
264,3001364371,1100,Steingrüeblistrasse 44,47.4266510009766,9.39069271087646,0:05:01.700000,301.7,2546.4
265,3001364396,1110,Steingrüeblistrasse 44,47.4266510009766,9.39069271087646,0:05:01.700000,301.7,2546.4
266,3001364411,1290,Steingrüeblistrasse 44,47.4266510009766,9.39069271087646,0:05:01.700000,301.7,2546.4
267,3001366539,1120,Flurhofstr. 149,47.4323463439941,9.40286731719971,0:06:30.900000,390.9,2906.9
268,3001367439,1240,Iddastrasse 52,47.4397201538086,9.38997077941895,0:03:38.200000,218.2,2018.6
269,3001367477,1440,Lukasstrasse 2,47.4394416809082,9.3950891494751,0:04:19.800000,259.8,2529.1
270,3001369138,1495,Rorschacher Strasse 124,47.4307746887207,9.39366340637207,0:04:11.300000,251.3,2005.7
271,3001369684,1290,Torstrasse 20,47.428035736084,9.37781524658203,0:02:26.900000,146.9,1280.5
272,3001369750,1396,Tablatstrasse 10c,47.4372634887695,9.41964054107666,0:06:49.600000,409.6,4699.0
273,3001369751,1290,Tablatstrasse 10c,47.4372634887695,9.41964054107666,0:06:49.600000,409.6,4699.0
274,3001370273,840,Höhenweg 11,47.429615020752,9.3725414276123,0:01:44.600000,104.6,698.8
275,3001370626,1390,Wildeggstrasse 19,47.4235343933105,9.38277435302734,0:04:54.200000,294.2,2587.9
276,3001371343,1350,Sömmerlistrasse,47.4184989929199,9.35178279876709,0:04:42.300000,282.3,2659.1
277,3001372173,1660,Falkensteinstrasse 72,47.4314270019531,9.39884471893311,0:05:26.100000,326.1,2493.9
278,3001377914,1530,Linsebühlstrasse 14,47.4243087768555,9.38061618804932,0:03:16.300000,196.3,1782.3
279,3001378309,1550,Kugelgasse 3,47.4257469177246,9.37753963470459,0:02:48.300000,168.3,1494.3
280,3001379324,1700,Ullmannstrasse 23b,47.4129486083984,9.33236312866211,0:07:44.800000,464.8,4453.6
281,3001380381,1215,Rosenbergweg 21,47.4219932556152,9.36234951019287,0:06:27,387.0,4619.5
282,3001380399,1350,Rosenbergweg 21,47.4219932556152,9.36234951019287,0:06:27,387.0,4619.5
283,3001380521,785,Pelikanstrasse 21,47.4372100830078,9.39230251312256,0:03:51.800000,231.8,1727.7
284,3001380606,785,Burgstrasse 19,47.4193916320801,9.36352825164795,0:03:50.700000,230.7,2041.9
285,3001380667,1360,Rickenstrasse 20,47.4074401855469,9.33251190185547,0:08:39.200000,519.2,4954.0
286,3001380921,710,Ruhbergstrasse 48,47.4149131774902,9.36348438262939,0:05:16.800000,316.8,2792.7
287,3001381315,1350,Sonnrainweg 14,47.4475479125977,9.39769744873047,0:05:14.800000,314.8,3122.1
288,3001382303,1730,Kesselhaldenstrasse 6,47.4384689331055,9.40322494506836,0:05:08.400000,308.4,2684.8
289,3001382682,2450,St Georgen Str. 20,47.4228096008301,9.38051223754883,0:04:44.300000,284.3,2186.6
290,3001383681,1140,Bedastrasse 11,47.4286613464355,9.39088344573975,0:05:08.500000,308.5,2715.7
291,3001384071,1440,Hechtackerstrasse 12d,47.4075241088867,9.33936977386475,0:07:47.300000,467.3,4621.3
292,3001385146,650,Brauerstrasse 3,47.4337310791016,9.39962577819824,0:05:05.600000,305.6,2294.6
293,3001385241,1600,Ludwigstr. 15,47.4408416748047,9.37835311889648,0:03:03.200000,183.2,1533.6
294,3001385255,1430,Langgasse 159,47.4499473571777,9.39748668670654,0:05:08,308.0,3150.6
295,3001385379,1919,Vogelherdstr. 17,47.4366302490234,9.41966819763184,0:06:52.600000,412.6,4732.1
296,3001386086,1290,Zilstrasse 10,47.4411582946777,9.40502548217773,0:06:15.800000,375.8,3134.3
297,3001387524,890,Oberstrasse 65,47.416748046875,9.36429977416992,0:04:11.900000,251.9,2352.6
298,3001387933,1920,Ullmannstrasse 23a,47.4133110046387,9.33245658874512,0:08:03.200000,483.2,4618.7
299,3001389161,1100,Rosenbergstrasse 64,47.4233627319336,9.36717796325684,0:02:27.900000,147.9,1331.5
305,3001389165,1190,Helvetiastrasse 51,47.4341926574707,9.39534091949463,0:04:57,297.0,2160.3
306,3001389167,1750,Obere Büschenstrasse 10,47.4247970581055,9.38028240203857,0:03:15,195.0,1736.5
307,3001389168,2190,Fürstenlandstrasse 135,47.4106826782227,9.33879375457764,0:07:55.200000,475.2,4283.9
308,3001389931,1200,Neugasse 35,47.4247093200684,9.37479877471924,0:02:31.300000,151.3,1303.6
309,3001390742,1840,Lukasstrasse 41,47.4388809204102,9.40090847015381,0:04:55.500000,295.5,2547.4
310,3001394636,1470,Leuenbergerstrasse 2,47.4173431396484,9.34955787658691,0:05:45.600000,345.6,3193.6
311,3001394899,1310,Langgasse 157,47.4497146606445,9.39772891998291,0:05:05.900000,305.9,3126.8
312,3001394909,1560,Favrestrasse 19,47.437198638916,9.41196441650391,0:07:19.600000,439.6,4834.1
313,3001396200,1540,Lehnstrasse 104a,47.4062080383301,9.3261137008667,0:08:47.400000,527.4,5236.7
314,3001396208,1090,Brauerstr. 47,47.4372138977051,9.40369892120361,0:05:19.600000,319.6,2724.5
315,3001397727,1180,Zweibruggenmühlestrasse 5,47.4071960449219,9.32706451416016,0:08:18.300000,498.3,5067.6
316,3001398196,1550,Lukasstrasse 36a,47.4386253356934,9.39911842346191,0:05:16.800000,316.8,2967.8
317,3001398462,1500,Linsebühlstrasse 99,47.4259910583496,9.38535594940186,0:04:11.900000,251.9,2197.3
318,3001400894,1825,Schönbüelpark 7,47.4410133361816,9.41225528717041,0:06:58.300000,418.3,3518.4
325,3001402706,1010,Domänenstrasse 3,47.440860748291,9.39433193206787,0:04:12.400000,252.4,2393.3
326,3001402756,1480,Dufourstrasse 153,47.4226188659668,9.35810947418213,0:04:09.200000,249.2,2334.2
327,3001403510,1540,Burgstrasse 31,47.4190368652344,9.36180973052979,0:03:55.500000,235.5,2041.0
328,3001403636,690,Löwengasse,47.4253807067871,9.37762355804443,0:02:51.100000,171.1,1525.5
329,3001403823,855,Vonwilstrasse 51,47.4194450378418,9.35537147521973,0:04:28.400000,268.4,2428.3
330,3001404034,1490,Tablatstr. 12,47.4376907348633,9.42048072814941,0:06:33.600000,393.6,4519.3
331,3001404132,1200,Treuackerstrasse 34,47.415397644043,9.36264228820801,0:05:17.300000,317.3,2981.9
332,3001404387,1430,Burenbüchelstr. 11,47.4361267089844,9.41000270843506,0:06:17,377.0,3236.8
333,3001404411,1897,Feldlistr. 7,47.4215202331543,9.35657405853271,0:04:00,240.0,2222.6
334,3001405131,890,Achslenstr. 1,47.4336280822754,9.41360855102539,0:06:41.200000,401.2,3381.6
335,3001405132,1420,Tannenstr. 44,47.4366645812988,9.37887763977051,0:01:38.300000,98.3,759.5
336,3001405208,1450,Hechtackerstrasse 14a,47.4082489013672,9.3399715423584,0:07:21.300000,441.3,4449.9
337,3001406256,890,Helvetiastrasse 41,47.4332618713379,9.3950719833374,0:04:32,272.0,2114.8
338,3001406265,1170,Burenbüchelstrasse 18a,47.4357681274414,9.41106510162354,0:06:42.100000,402.1,3356.6
339,3001407281,795,Metzgergasse 29,47.4272117614746,9.37481021881104,0:02:00.700000,120.7,1018.7
340,3001407405,1590,Obere Berneggstrasse 79,47.4128341674805,9.36686229705811,0:05:42.900000,342.9,3392.3
341,3001407521,770,Rappensteinweg 3,47.4325866699219,9.40242767333984,0:06:22.100000,382.1,2799.2
342,3001408605,1400,Kreuzbleichestrasse 7,47.4201011657715,9.35677814483643,0:04:26.500000,266.5,2440.9
343,3001408867,1290,Engelgasse 5,47.4263572692871,9.3745059967041,0:03:45.200000,225.2,1576.0
344,3001409150,749,Spiessergasse 43,47.4244956970215,9.37917041778564,0:06:37.600000,397.6,2583.6
345,3001409151,749,Spiessergasse 43,47.4244956970215,9.37917041778564,0:06:37.600000,397.6,2583.6
346,3001410662,1120,Flurhofstr. 155,47.4323310852051,9.40382099151611,0:05:58.100000,358.1,2841.2
347,3001412186,1730,Ahornstrasse 23a,47.4143943786621,9.34685325622559,0:05:41.600000,341.6,3297.4
348,3001412963,1240,Langgasse 36,47.4360466003418,9.38742446899414,0:02:51.300000,171.3,1160.2
349,3001413248,929,Buchentalstrasse 6,47.4335479736328,9.39856815338135,0:04:32.300000,272.3,2156.5
350,3001413398,1250,Speicherstr. 25,47.4247360229492,9.38468456268311,0:03:44.900000,224.9,2099.0
351,3001413400,1300,Wiesentalstr. 12,47.4329223632812,9.39637470245361,0:04:57.600000,297.6,2137.8
352,3001413836,1370,Bernhardswiesstrasse 11,47.4083480834961,9.34207916259766,0:07:17.200000,437.2,4337.3
353,3001414565,1270,Furglerstr. 8,47.4221458435059,9.35859775543213,0:04:40.200000,280.2,2505.0
355,3001415388,855,Zürcher Strasse 70,47.4174957275391,9.35018253326416,0:04:48.200000,288.2,2801.9
356,3001415640,1820,Burenbüchelstrasse 16,47.4356880187988,9.41069984436035,0:06:20.900000,380.9,3263.4
357,3001416060,690,Linsebühlstrasse 66,47.4248428344727,9.38330936431885,0:03:41.900000,221.9,1997.8
358,3001416181,1040,Stationsweg 6,47.4076118469238,9.32946395874023,0:08:19.700000,499.7,4857.1
359,3001416434,300,Girtannerstrasse 19,47.4355659484863,9.37706089019775,0:01:34.500000,94.5,671.2
360,3001416435,4400,Girtannerstrasse 19,47.4355659484863,9.37706089019775,0:01:34.500000,94.5,671.2
361,3001416436,300,Girtannerstrasse 19,47.4355659484863,9.37706089019775,0:01:34.500000,94.5,671.2
362,3001416883,650,Stauffacherstrasse 7,47.4234428405762,9.36355876922607,0:03:05.400000,185.4,1554.5
363,3001418295,1600,St. Leonhard-Strasse 79,47.4210205078125,9.36458396911621,0:03:06.900000,186.9,1689.6
367,3001425963,1390,Iddastrasse 41,47.4391632080078,9.38868999481201,0:03:45.400000,225.4,1464.0
370,3001422307,1320,Langgasse 92,47.4403915405273,9.39240264892578,0:03:39.800000,219.8,1773.1
376,3001419785,1790,Hagenbuchstrasse 31,47.4297485351562,9.40007019042969,0:06:07.700000,367.7,2896.9
377,3001443923,2090,Lukasstrasse 41,47.4388809204102,9.40090847015381,0:04:55.500000,295.5,2547.4
378,3001447249,1595,Burenbüchelstr. 11,47.4361267089844,9.41000270843506,0:06:17,377.0,3236.8
379,3001452012,1395,Rosenbergweg 19,47.4218940734863,9.36297130584717,0:03:10.800000,190.8,1692.7
380,3001454132,1200,Langgasse 46,47.4370613098145,9.38827133178711,0:02:55.800000,175.8,1286.1
381,3001454155,1360,Langgasse 46,47.4370613098145,9.38827133178711,0:02:55.800000,175.8,1286.1
382,3001418253,1900,Oberstrasse 218,47.4120750427246,9.34844779968262,0:06:04.600000,364.6,3430.2
383,3001419783,1490,Hagenbuchstrasse 31a,47.4298248291016,9.40028095245361,0:06:09.900000,369.9,2911.6
385,3001457002,850,Linsebühlstrasse 66,47.4248428344727,9.38330936431885,0:03:41.900000,221.9,1997.8
386,3001457010,1300,Linsebühlstrasse 16,47.4243240356445,9.38075637817383,0:03:17.200000,197.2,1792.9
387,3001457042,1390,Vonwilstrasse 51,47.4194450378418,9.35537147521973,0:04:28.400000,268.4,2428.3
388,3001456554,1500,Rorschacher Strasse 155,47.4317054748535,9.39577102661133,0:04:28,268.0,2191.5
389,3001457039,1570,Feldbachstrasse 4,47.4211158752441,9.35555934906006,0:04:43,283.0,2506.9
390,3001421370,1340,Iddastrasse,47.4354095458984,9.38514137268066,0:02:29.900000,149.9,959.6
391,3001457041,2445,Vonwilstrasse 51,47.4194450378418,9.35537147521973,0:04:28.400000,268.4,2428.3
392,3001465079,790,Lustgartenstrasse 14,47.421028137207,9.3643627166748,0:03:22.200000,202.2,1731.1
393,3001465093,1050,Dietlistrasse 35,47.4257621765137,9.36223983764648,0:05:53.400000,353.4,4180.3
394,3001465787,1305,Spyristrasse 9,47.4368362426758,9.39242649078369,0:04:04.400000,244.4,1775.6
395,3001465804,1550,Teufener Strasse 123,47.4134178161621,9.36389064788818,0:05:09.900000,309.9,3092.9
396,3001467360,2630,Goethestrasse 44,47.4369812011719,9.38311100006104,0:02:14,134.0,947.6
397,3001468698,700,Sonnenhaldenstrasse 10b,47.4414405822754,9.39097785949707,0:03:11.400000,191.4,1899.5
398,3001468697,1670,Hechtackerstrasse 14a,47.4082489013672,9.3399715423584,0:07:21.300000,441.3,4449.9
399,3001468690,1490,Schönbüelpark 12,47.4396553039551,9.41220855712891,0:06:55.600000,415.6,3487.6
400,3001468678,1570,Hubertusstr. 2,47.4333152770996,9.40306282043457,0:05:30.300000,330.3,2556.4
401,3001413023,1343,Schönauweg 9,47.4179878234863,9.34551239013672,0:05:48,348.0,3273.3
402,3001315315,1340,Feldbachstrasse 7,47.4210090637207,9.3557186126709,0:04:43.400000,283.4,2509.2
403,3001004255,1325,Poststrasse 16,47.4245719909668,9.37232494354248,0:02:43.300000,163.3,1427.3
404,3001304110,1325,Linsebühlstrasse 103,47.4261894226074,9.38566780090332,0:04:16.800000,256.8,2229.5
405,3001422233,1200,Feldlistrasse 17,47.4221534729004,9.35547733306885,0:04:09.900000,249.9,2331.3
406,3001423044,1200,Falkensteinstrasse 10,47.4299011230469,9.39220905303955,0:04:41.900000,281.9,2134.7
412,3001426743,1680,Kreuzbleichestrasse 7,47.4201011657715,9.35677814483643,0:04:26.500000,266.5,2440.9
413,3001445103,1300,Teufener Strasse 150,47.4106788635254,9.36655139923096,0:05:43.900000,343.9,3504.3
414,3001447741,2110,Wattstrasse 11,47.4105110168457,9.36919021606445,0:06:20.700000,380.7,3687.2
415,3001452236,1662,Sonnrainweg 14,47.4475479125977,9.39769744873047,0:05:14.800000,314.8,3122.1
416,3001454343,718,Tablatstrasse 30b,47.4368362426758,9.41854095458984,0:06:57.600000,417.6,4788.4
417,3001454430,1280,Brühlgasse 50,47.4246788024902,9.37870025634766,0:06:37.600000,397.6,2583.6
418,3001055869,1095,Bedastrasse 11,47.4286613464355,9.39088344573975,0:05:08.500000,308.5,2715.7
419,3001457144,1430,Burenbüchelstr. 11,47.4361267089844,9.41000270843506,0:06:17,377.0,3236.8
420,3001465235,2630,Goethestrasse 44,47.4369812011719,9.38311100006104,0:02:14,134.0,947.6
421,3001466297,1290,Iddastrasse 60,47.4403495788574,9.39087867736816,0:03:22.400000,202.4,1914.3
422,3001466304,1460,Achslenstr. 1,47.4336280822754,9.41360855102539,0:06:41.200000,401.2,3381.6
423,3001467983,830,Vonwilstrasse 51,47.4194450378418,9.35537147521973,0:04:28.400000,268.4,2428.3
424,3001469403,990,Rorschacher Strasse 229,47.435791015625,9.40303707122803,0:05:32.200000,332.2,2662.4
425,3001469080,642,Zwyssigstrasse 20,47.4219284057617,9.34619235992432,0:05:16.500000,316.5,3084.5
426,3001469480,1660,Heiligkreuzstrasse 53,47.4404067993164,9.3939847946167,0:04:05.900000,245.9,2379.7
427,3001469549,1080,Brühlbleichestrasse 10,47.4305038452148,9.38340282440186,0:03:22.200000,202.2,1237.4
428,3001319737,1090,Engelwiesstrasse 5c,47.4123153686523,9.33105659484863,0:07:38.100000,458.1,4534.7
429,3001380668,890,Rickenstrasse 20,47.4074401855469,9.33251190185547,0:08:39.200000,519.2,4954.0
430,3001180367,890,Wolfgangstrasse 67,47.4027519226074,9.33110809326172,0:10:42.200000,642.2,6030.0
431,3001424552,1750,Langweidstrasse 2,47.4125061035156,9.35506057739258,0:06:12.700000,372.7,3518.8
432,3001418517,1450,Rappensteinstrasse 10,47.4308242797852,9.39835739135742,0:05:59.300000,359.3,2862.5
433,3001419698,1430,Burenbüchelstr. 11,47.4361267089844,9.41000270843506,0:06:17,377.0,3236.8
434,3001440025,900,Teufener Strasse 100,47.4150390625,9.36435222625732,0:04:52.500000,292.5,2898.6
435,3001439654,890,Brauerstrasse 5,47.4337387084961,9.39980602264404,0:05:06.100000,306.1,2350.0
436,3001423019,1380,Buchwaldstrasse 2,47.4361724853516,9.39269924163818,0:03:52.500000,232.5,1729.7
437,3001440057,1720,Favrestrasse 17,47.4372520446777,9.41258144378662,0:07:05.500000,425.5,4778.1
438,3001424963,1375,Kolosseumstr. 10,47.4369201660156,9.3914966583252,0:04:00,240.0,1746.2
439,3001437299,1690,Brauerstrasse 79a,47.4423408508301,9.40994739532471,0:07:01.400000,421.4,4530.2
440,3001440049,1901,Vogelherdstr. 7c,47.4363670349121,9.419264793396,0:06:56.600000,416.6,4776.3
441,3001439759,980,Feldlistrasse 19,47.4223251342773,9.35517120361328,0:04:12.500000,252.5,2361.0
442,3001435737,1825,Schönbüelpark 7,47.4410133361816,9.41225528717041,0:06:58.300000,418.3,3518.4
443,3001434755,1370,Ackerstrasse 1,47.4280204772949,9.38988304138184,0:04:50.800000,290.8,2624.8
444,3001434314,1190,Ackerstrasse 1,47.4280204772949,9.38988304138184,0:04:50.800000,290.8,2624.8
445,3001434328,1430,Brauerstr. 15,47.4345664978027,9.40053081512451,0:05:20.300000,320.3,2445.8
446,3001434327,1540,Ilgenstr. 59,47.4158515930176,9.35661315917969,0:05:00.500000,300.5,2626.8
447,3001434318,1650,Multergasse 11,47.4243392944336,9.37596130371094,0:05:41,341.0,2347.0
448,3001422111,1590,Reherstr. 19,47.4371223449707,9.41578769683838,0:07:14.300000,434.3,4723.0
449,3001435754,1220,Brühlbleichestrasse,47.4301338195801,9.3830680847168,0:03:29.400000,209.4,1285.8
450,3001435724,1400,Fidesstrasse 12,47.4321784973145,9.39260673522949,0:04:06.700000,246.7,1812.2
451,3001440807,1670,Hechtackerstrasse 12d,47.4075241088867,9.33936977386475,0:07:47.300000,467.3,4621.3
453,3001418917,1550,Zilweg 11,47.442626953125,9.40856456756592,0:07:20.800000,440.8,3603.5
454,3001430996,975,Burgstrasse 21,47.4193382263184,9.36314487457275,0:03:46.100000,226.1,2011.6
455,3001382329,1500,Otmarstrasse 17,47.4168815612793,9.35732173919678,0:04:47.700000,287.7,2536.5
456,3001430350,2900,Dufourstrasse 114,47.423885345459,9.3627347946167,0:03:34.100000,214.1,1518.5
457,3001430376,1350,Helvetiastrasse 54,47.4345283508301,9.39608287811279,0:04:13.500000,253.5,1979.2
458,3001433230,1490,Solitüdenstrasse 1,47.4126167297363,9.36404991149902,0:05:26.300000,326.3,3196.7
459,3001433974,1100,Brauerstrasse 34,47.4358978271484,9.40302085876465,0:05:41.600000,341.6,2870.9
460,3001432475,2010,Ullmannstrasse 27,47.4132843017578,9.33195877075195,0:08:03.200000,483.2,4618.7
461,3001433716,1520,Oberstrasse 255,47.408634185791,9.34397888183594,0:07:17.500000,437.5,4188.5
462,3001425535,1390,Buchwaldstrasse 2,47.4361724853516,9.39269924163818,0:03:52.500000,232.5,1729.7
463,3001432479,1410,Furglerstr. 14,47.422290802002,9.35991764068604,0:04:54.500000,294.5,2600.4
464,3001440543,750,Burgstrasse 80,47.4170188903809,9.35645389556885,0:04:30.300000,270.3,2502.4
465,3001441668,1285,Langgasse 11,47.4346084594727,9.38476085662842,0:02:28.600000,148.6,965.1
466,3001441671,1990,Langgasse 11,47.4346084594727,9.38476085662842,0:02:28.600000,148.6,965.1
467,3001441669,1815,Langgasse 9,47.434497833252,9.38464164733887,0:02:29.700000,149.7,978.8
468,3001445240,1590,Hagenbuchstrasse 10,47.4311408996582,9.3983097076416,0:05:57.600000,357.6,2864.4
469,3001385698,1630,Altwinkelnstrasse 17,47.4021606445312,9.30312728881836,0:10:18.600000,618.6,8402.1
470,3001321804,1630,Quimbystrasse 7,47.4001235961914,9.29899501800537,0:11:15.100000,675.1,8900.6
471,3001251668,1590,Altwinkelnstrasse 15,47.4022254943848,9.30288410186768,0:10:16.400000,616.4,8470.8
472,3001170136,1510,Kunklerstrasse 1,47.4062309265137,9.30460929870605,0:09:29.600000,569.6,7918.1
473,3001353330,1435,Sonnmattstrasse 33,47.4070587158203,9.31648921966553,0:09:52.600000,592.6,6054.5
474,3001079915,1390,Kräzernstrasse 30,47.4067420959473,9.32085132598877,0:08:50.100000,530.1,5491.6
476,3001442027,1350,Röschstrasse 14,47.4317283630371,9.39998435974121,0:05:48.200000,348.2,2573.1
477,3001448678,2150,Quimbystrasse 7,47.4001235961914,9.29899501800537,0:11:15.100000,675.1,8900.6
478,3001448697,970,Engelgasse 12,47.426586151123,9.37471008300781,0:03:40.100000,220.1,1553.4
479,3001448481,1190,Langgasse 61,47.4383544921875,9.38934993743896,0:03:10.400000,190.4,1448.6
480,3001452624,1660,Zilstrasse 20,47.4422225952148,9.40559959411621,0:06:34.700000,394.7,3274.2
481,3001466592,1560,Martinsbruggstrasse 34,47.4364395141602,9.4097261428833,0:05:55.200000,355.2,3127.3
482,3001466596,1440,Langgasse 36,47.4360466003418,9.38742446899414,0:02:51.300000,171.3,1160.2
483,3001466589,1190,Langgasse 61,47.4383544921875,9.38934993743896,0:03:10.400000,190.4,1448.6
484,3001468333,840,Rorschacher Strasse 183,47.4329643249512,9.39859294891357,0:04:51.400000,291.4,2453.4
485,3001469691,1390,Treuackerstrasse 34,47.415397644043,9.36264228820801,0:05:17.300000,317.3,2981.9
486,3001434052,1150,Buchentalstrasse 23,47.4346313476562,9.39625358581543,0:03:59.600000,239.6,1937.1
487,3001446651,1550,Zilweg 11,47.442626953125,9.40856456756592,0:07:20.800000,440.8,3603.5
488,3001450273,1730,Kunklerstrasse 1,47.4062309265137,9.30460929870605,0:09:29.600000,569.6,7918.1
489,3001449586,890,Gartenstrasse 5,47.4217529296875,9.37387847900391,0:03:11.900000,191.9,1685.7
490,3001449308,1825,Schönbüelpark 7,47.4410133361816,9.41225528717041,0:06:58.300000,418.3,3518.4
491,3001449527,1220,Brühlbleichestrasse 10,47.4305038452148,9.38340282440186,0:03:22.200000,202.2,1237.4
492,3001449478,1170,Bogenstrasse 15,47.4191741943359,9.36273384094238,0:03:49.600000,229.6,2000.1
493,3001449876,1750,Salisstr. 18,47.4187889099121,9.35576725006104,0:04:30.200000,270.2,2512.0
494,3001453376,757,Vogelherdstr. 7c,47.4363670349121,9.419264793396,0:06:56.600000,416.6,4776.3
495,3001455222,1060,Hochwachtstrasse 1,47.413257598877,9.36318778991699,0:05:22,322.0,3146.3
496,3001457663,890,Berneggstr. 52,47.419017791748,9.37270641326904,0:05:09.200000,309.2,2366.4
497,3001457658,1450,Iddastrasse 58,47.4402656555176,9.39069080352783,0:03:25.100000,205.1,1931.9
498,3001457657,1090,Tschudistr. 17,47.4172973632812,9.36594772338867,0:06:15.600000,375.6,3231.7
499,3001457662,1390,Krontalstr. 13,47.4327812194824,9.39970684051514,0:05:27.700000,327.7,2446.3
500,3001427562,1825,Schönbüelpark 7,47.4410133361816,9.41225528717041,0:06:58.300000,418.3,3518.4
502,3001460383,1170,Domänenstrasse 3,47.440860748291,9.39433193206787,0:04:12.400000,252.4,2393.3
503,3001460403,1825,Schönbüelpark 7,47.4410133361816,9.41225528717041,0:06:58.300000,418.3,3518.4
504,3001460593,1360,Helvetiastrasse 54,47.4345283508301,9.39608287811279,0:04:13.500000,253.5,1979.2
505,3001460566,950,Oberstrasse 65,47.416748046875,9.36429977416992,0:04:11.900000,251.9,2352.6
507,3001463476,890,Berneggstr. 52,47.419017791748,9.37270641326904,0:05:09.200000,309.2,2366.4
508,3001462816,1690,Zilweg 14,47.4418754577637,9.4097900390625,0:06:33.500000,393.5,3311.1
509,3001442121,1550,Langgasse 5,47.4342079162598,9.38436317443848,0:02:29.700000,149.7,986.3
510,3001446965,1500,Guggeienhof 1a,47.4468307495117,9.40468502044678,0:06:56.500000,416.5,3688.7
511,3001451369,990,Helvetiastrasse 41,47.4332618713379,9.3950719833374,0:04:32,272.0,2114.8
512,3001464617,1070,Tigerbergstrasse 2,47.4277496337891,9.37399578094482,0:02:06,126.0,1033.2
513,3001463609,1390,Dreilindenhang 4,47.422737121582,9.38334083557129,0:05:06,306.0,2643.6
514,3001464185,1590,Spisergasse 29,47.4246368408203,9.37842750549316,0:06:15.700000,375.7,2486.3
515,3001462415,1690,Büchelstrasse 4,47.4205780029297,9.36482524871826,0:03:35.100000,215.1,1812.0
516,3001462510,1780,Sternackerstrasse 5,47.4262962341309,9.38365173339844,0:03:41.800000,221.8,1922.6
517,3001464371,1825,Magniberg 4,47.429313659668,9.37764644622803,0:02:41.900000,161.9,1390.2
518,3001464187,2300,Furglerstr. 14,47.422290802002,9.35991764068604,0:04:54.500000,294.5,2600.4
519,3001464415,1220,Brühlbleichestrasse,47.4301338195801,9.3830680847168,0:03:29.400000,209.4,1285.8
520,3001466856,1180,Langweidstrasse 4,47.4123268127441,9.35518360137939,0:06:14.200000,374.2,3528.5
521,3001468413,1590,Langgasse 153,47.449104309082,9.39769840240479,0:04:59.900000,299.9,3060.0
522,3001470583,2150,Dufourstrasse 4,47.4352416992188,9.38398742675781,0:02:05.500000,125.5,837.0
523,3001442287,1380,Treuackerstrasse 34,47.415397644043,9.36264228820801,0:05:17.300000,317.3,2981.9
525,3001451526,940,Engelgasse 8,47.4263572692871,9.37482452392578,0:03:59.600000,239.6,1607.2
526,3001451843,1380,Wiesentalstr. 14,47.4329490661621,9.39658451080322,0:04:58.100000,298.1,2293.8
527,3001451857,1670,Rehburgstrasse 1,47.4315147399902,9.39706230163574,0:05:14.300000,314.3,2400.7
528,3001454103,1180,Langgasse 46,47.4370613098145,9.38827133178711,0:02:55.800000,175.8,1286.1
529,3001454127,1590,Langgasse 46,47.4370613098145,9.38827133178711,0:02:55.800000,175.8,1286.1
530,3001456385,740,Rehetobelstr. 2,47.4330062866211,9.39983940124512,0:05:04,304.0,2305.6
531,3001456527,840,Rorschacher Strasse 183,47.4329643249512,9.39859294891357,0:04:51.400000,291.4,2453.4
532,3001456492,1660,Brauerstrasse 85b,47.4431800842285,9.4091739654541,0:07:25.900000,445.9,4602.5
541,3001461360,1960,Fürstenlandstrasse 19,47.4148483276367,9.35318183898926,0:05:00.500000,300.5,2840.3
544,3001465599,1240,Moosbruggstrasse 5,47.4236755371094,9.37952136993408,0:03:21.600000,201.6,1823.4
545,3001467270,890,Burgstrasse 80,47.4170188903809,9.35645389556885,0:04:30.300000,270.3,2502.4
546,3001468434,1660,Falkensteinstrasse 72,47.4314270019531,9.39884471893311,0:05:26.100000,326.1,2493.9
547,3001470695,1340,Höhenweg 13,47.4295043945312,9.37237071990967,0:01:47.300000,107.3,716.9
548,3001470708,1835,Linsebühlstrasse 99,47.4259910583496,9.38535594940186,0:04:11.900000,251.9,2197.3
